Param;Value
Dropout1;0.03263037312396413
Dropout2;0.05062927837388302
Nodes1;32
Nodes2;16
Reg1;0.09960237665562754
Reg2;0.09768932377061808
batch_size;387
loss_fn;<function custom_loss at 0x00000256D0567430>
lr;0.03204589064363905
momentum;0.3003394063838074
nesterov;True
